{
  "meta_title": "",
  "meta_description": "",
  "sections": [
    {
      "type": "info-bar",
      "enabled": true
    },
    {
      "type": "collection-shelf",
      "shuffle": true,
      "collection_id": null,
      "sort": "sales",
      "title": "",
      "headless": true,
      "limit": 1,
      "page": 1
    },
    {
      "type": "page-title",
      "title": "Senhor & André editora.",
      "description": "\"E conhecerão a verdade, e a verdade os libertará\". João 8:32"
    }
  ]
}